-- phpMyAdmin SQL Dump
-- version 4.9.2
-- https://www.phpmyadmin.net/
--
-- Host: 127.0.0.1
-- Generation Time: Jan 15, 2020 at 07:28 PM
-- Server version: 10.4.11-MariaDB
-- PHP Version: 7.4.1

SET SQL_MODE = "NO_AUTO_VALUE_ON_ZERO";
SET AUTOCOMMIT = 0;
START TRANSACTION;
SET time_zone = "+00:00";


/*!40101 SET @OLD_CHARACTER_SET_CLIENT=@@CHARACTER_SET_CLIENT */;
/*!40101 SET @OLD_CHARACTER_SET_RESULTS=@@CHARACTER_SET_RESULTS */;
/*!40101 SET @OLD_COLLATION_CONNECTION=@@COLLATION_CONNECTION */;
/*!40101 SET NAMES utf8mb4 */;

--
-- Database: `sdi1700140`
--

-- --------------------------------------------------------

--
-- Table structure for table `cards`
--

CREATE TABLE `cards` (
  `number` varchar(45) NOT NULL,
  `users_id` int(11) DEFAULT NULL
) ENGINE=InnoDB DEFAULT CHARSET=utf8;

--
-- Dumping data for table `cards`
--

INSERT INTO `cards` (`number`, `users_id`) VALUES
('0123456789012345', 1),
('1593574568520325', 2),
('1111111111111111', 3);

-- --------------------------------------------------------

--
-- Table structure for table `cards_has_tickets`
--

CREATE TABLE `cards_has_tickets` (
  `cards_id` varchar(45) NOT NULL,
  `tickets_id` int(11) NOT NULL,
  `number` int(11) NOT NULL DEFAULT 0
) ENGINE=InnoDB DEFAULT CHARSET=utf8;

--
-- Dumping data for table `cards_has_tickets`
--

INSERT INTO `cards_has_tickets` (`cards_id`, `tickets_id`, `number`) VALUES
('0123456789012345', 1, 0),
('0123456789012345', 2, 1),
('0123456789012345', 3, 4),
('0123456789012345', 4, 0),
('0123456789012345', 5, 1),
('0123456789012345', 6, 1),
('1111111111111111', 1, 47),
('1111111111111111', 2, 53),
('1111111111111111', 3, 21),
('1111111111111111', 4, 26),
('1111111111111111', 5, 2),
('1111111111111111', 6, 12),
('1593574568520325', 1, 0),
('1593574568520325', 2, 0),
('1593574568520325', 3, 0),
('1593574568520325', 4, 0),
('1593574568520325', 5, 0),
('1593574568520325', 6, 0);

-- --------------------------------------------------------

--
-- Table structure for table `grammes`
--

CREATE TABLE `grammes` (
  `id` int(11) NOT NULL,
  `code` varchar(45) NOT NULL,
  `description` varchar(200) DEFAULT NULL,
  `type` enum('bus','metro','tram','trolley') NOT NULL
) ENGINE=InnoDB DEFAULT CHARSET=utf8;

--
-- Dumping data for table `grammes`
--

INSERT INTO `grammes` (`id`, `code`, `description`, `type`) VALUES
(1, 'M2', 'Γραμμή Μετρό 2, Ανθούπολη-Ελληνικό', 'metro'),
(2, 'M3', 'Γραμμή Μετρό 3, Αεροδρόμιο-Πειραιάς', 'metro'),
(3, '608', 'Γαλάτσι-Ακαδημία-Νεκροταφείο Ζωγράφου', 'bus'),
(4, '1', NULL, 'trolley'),
(5, 'Τ1', NULL, 'tram'),
(6, '224', NULL, 'bus');

-- --------------------------------------------------------

--
-- Table structure for table `lines_has_stops`
--

CREATE TABLE `lines_has_stops` (
  `lines_id` int(11) NOT NULL,
  `stops_id` int(11) NOT NULL,
  `index` int(11) NOT NULL
) ENGINE=InnoDB DEFAULT CHARSET=utf8;

--
-- Dumping data for table `lines_has_stops`
--

INSERT INTO `lines_has_stops` (`lines_id`, `stops_id`, `index`) VALUES
(1, 1, 1),
(1, 2, 2),
(1, 3, 4),
(1, 4, 5),
(1, 12, 3),
(1, 13, 6),
(2, 3, 4),
(2, 5, 1),
(2, 6, 2),
(2, 7, 3),
(2, 8, 5),
(2, 9, 6),
(3, 3, 2),
(3, 7, 3),
(3, 10, 1),
(3, 11, 4),
(4, 2, 1),
(4, 3, 3),
(4, 10, 2),
(5, 9, 2),
(5, 10, 3),
(5, 13, 1),
(6, 2, 4),
(6, 7, 2),
(6, 11, 1),
(6, 12, 3);

-- --------------------------------------------------------

--
-- Table structure for table `lines_has_times`
--

CREATE TABLE `lines_has_times` (
  `grammes_id` int(11) NOT NULL,
  `times_time` time NOT NULL
) ENGINE=InnoDB DEFAULT CHARSET=utf8;

--
-- Dumping data for table `lines_has_times`
--

INSERT INTO `lines_has_times` (`grammes_id`, `times_time`) VALUES
(1, '00:00:00'),
(1, '00:30:00'),
(1, '05:00:00'),
(1, '05:30:00'),
(1, '06:00:00'),
(1, '06:30:00'),
(1, '07:00:00'),
(1, '07:30:00'),
(1, '08:00:00'),
(1, '08:30:00'),
(1, '09:00:00'),
(1, '09:30:00'),
(1, '10:00:00'),
(1, '10:30:00'),
(1, '11:00:00'),
(1, '11:30:00'),
(1, '12:00:00'),
(1, '12:30:00'),
(1, '13:00:00'),
(1, '13:30:00'),
(1, '14:00:00'),
(1, '14:30:00'),
(1, '15:00:00'),
(1, '15:30:00'),
(1, '16:00:00'),
(1, '16:30:00'),
(1, '17:00:00'),
(1, '17:30:00'),
(1, '18:00:00'),
(1, '18:30:00'),
(1, '19:00:00'),
(1, '19:30:00'),
(1, '20:00:00'),
(1, '20:30:00'),
(1, '21:00:00'),
(1, '21:30:00'),
(1, '22:00:00'),
(1, '22:30:00'),
(1, '23:00:00'),
(1, '23:30:00'),
(2, '00:00:00'),
(2, '00:30:00'),
(2, '05:00:00'),
(2, '05:30:00'),
(2, '06:00:00'),
(2, '06:30:00'),
(2, '07:00:00'),
(2, '07:30:00'),
(2, '08:00:00'),
(2, '08:30:00'),
(2, '09:00:00'),
(2, '09:30:00'),
(2, '10:00:00'),
(2, '10:30:00'),
(2, '11:00:00'),
(2, '11:30:00'),
(2, '12:00:00'),
(2, '12:30:00'),
(2, '13:00:00'),
(2, '13:30:00'),
(2, '14:00:00'),
(2, '14:30:00'),
(2, '15:00:00'),
(2, '15:30:00'),
(2, '16:00:00'),
(2, '16:30:00'),
(2, '17:00:00'),
(2, '17:30:00'),
(2, '18:00:00'),
(2, '18:30:00'),
(2, '19:00:00'),
(2, '19:30:00'),
(2, '20:00:00'),
(2, '20:30:00'),
(2, '21:00:00'),
(2, '21:30:00'),
(2, '22:00:00'),
(2, '22:30:00'),
(2, '23:00:00'),
(2, '23:30:00'),
(3, '00:00:00'),
(3, '00:15:00'),
(3, '00:30:00'),
(3, '00:45:00'),
(3, '05:00:00'),
(3, '05:15:00'),
(3, '05:30:00'),
(3, '05:45:00'),
(3, '06:00:00'),
(3, '06:15:00'),
(3, '06:30:00'),
(3, '06:45:00'),
(3, '07:00:00'),
(3, '07:15:00'),
(3, '07:30:00'),
(3, '07:45:00'),
(3, '08:00:00'),
(3, '08:15:00'),
(3, '08:30:00'),
(3, '08:45:00'),
(3, '09:00:00'),
(3, '09:15:00'),
(3, '09:30:00'),
(3, '09:45:00'),
(3, '10:00:00'),
(3, '10:15:00'),
(3, '10:30:00'),
(3, '10:45:00'),
(3, '11:00:00'),
(3, '11:15:00'),
(3, '11:30:00'),
(3, '11:45:00'),
(3, '12:00:00'),
(3, '12:15:00'),
(3, '12:30:00'),
(3, '12:45:00'),
(3, '13:00:00'),
(3, '13:15:00'),
(3, '13:30:00'),
(3, '13:45:00'),
(3, '14:00:00'),
(3, '14:15:00'),
(3, '14:30:00'),
(3, '14:45:00'),
(3, '15:00:00'),
(3, '15:15:00'),
(3, '15:30:00'),
(3, '15:45:00'),
(3, '16:00:00'),
(3, '16:15:00'),
(3, '16:30:00'),
(3, '16:45:00'),
(3, '17:00:00'),
(3, '17:15:00'),
(3, '17:30:00'),
(3, '17:45:00'),
(3, '18:00:00'),
(3, '18:15:00'),
(3, '18:30:00'),
(3, '18:45:00'),
(3, '19:00:00'),
(3, '19:15:00'),
(3, '19:30:00'),
(3, '19:45:00'),
(3, '20:00:00'),
(3, '20:15:00'),
(3, '20:30:00'),
(3, '20:45:00'),
(3, '21:00:00'),
(3, '21:15:00'),
(3, '21:30:00'),
(3, '21:45:00'),
(3, '22:00:00'),
(3, '22:15:00'),
(3, '22:30:00'),
(3, '22:45:00'),
(3, '23:00:00'),
(3, '23:15:00'),
(3, '23:30:00'),
(3, '23:45:00'),
(4, '00:00:00'),
(4, '05:00:00'),
(4, '06:00:00'),
(4, '07:00:00'),
(4, '08:00:00'),
(4, '09:00:00'),
(4, '10:00:00'),
(4, '11:00:00'),
(4, '12:00:00'),
(4, '13:00:00'),
(4, '14:00:00'),
(4, '15:00:00'),
(4, '16:00:00'),
(4, '17:00:00'),
(4, '18:00:00'),
(4, '19:00:00'),
(4, '20:00:00'),
(4, '21:00:00'),
(4, '22:00:00'),
(4, '23:00:00'),
(5, '00:00:00'),
(5, '00:15:00'),
(5, '00:30:00'),
(5, '00:45:00'),
(5, '05:00:00'),
(5, '05:15:00'),
(5, '05:30:00'),
(5, '05:45:00'),
(5, '06:00:00'),
(5, '06:15:00'),
(5, '06:30:00'),
(5, '06:45:00'),
(5, '07:00:00'),
(5, '07:15:00'),
(5, '07:30:00'),
(5, '07:45:00'),
(5, '08:00:00'),
(5, '08:15:00'),
(5, '08:30:00'),
(5, '08:45:00'),
(5, '09:00:00'),
(5, '09:15:00'),
(5, '09:30:00'),
(5, '09:45:00'),
(5, '10:00:00'),
(5, '10:15:00'),
(5, '10:30:00'),
(5, '10:45:00'),
(5, '11:00:00'),
(5, '11:15:00'),
(5, '11:30:00'),
(5, '11:45:00'),
(5, '12:00:00'),
(5, '12:15:00'),
(5, '12:30:00'),
(5, '12:45:00'),
(5, '13:00:00'),
(5, '13:15:00'),
(5, '13:30:00'),
(5, '13:45:00'),
(5, '14:00:00'),
(5, '14:15:00'),
(5, '14:30:00'),
(5, '14:45:00'),
(5, '15:00:00'),
(5, '15:15:00'),
(5, '15:30:00'),
(5, '15:45:00'),
(5, '16:00:00'),
(5, '16:15:00'),
(5, '16:30:00'),
(5, '16:45:00'),
(5, '17:00:00'),
(5, '17:15:00'),
(5, '17:30:00'),
(5, '17:45:00'),
(5, '18:00:00'),
(5, '18:15:00'),
(5, '18:30:00'),
(5, '18:45:00'),
(5, '19:00:00'),
(5, '19:15:00'),
(5, '19:30:00'),
(5, '19:45:00'),
(5, '20:00:00'),
(5, '20:15:00'),
(5, '20:30:00'),
(5, '20:45:00'),
(5, '21:00:00'),
(5, '21:15:00'),
(5, '21:30:00'),
(5, '21:45:00'),
(5, '22:00:00'),
(5, '22:15:00'),
(5, '22:30:00'),
(5, '22:45:00'),
(5, '23:00:00'),
(5, '23:15:00'),
(5, '23:30:00'),
(5, '23:45:00'),
(6, '00:00:00'),
(6, '00:15:00'),
(6, '00:30:00'),
(6, '00:45:00'),
(6, '05:00:00'),
(6, '05:15:00'),
(6, '05:30:00'),
(6, '05:45:00'),
(6, '06:00:00'),
(6, '06:15:00'),
(6, '06:30:00'),
(6, '06:45:00'),
(6, '07:00:00'),
(6, '07:15:00'),
(6, '07:30:00'),
(6, '07:45:00'),
(6, '08:00:00'),
(6, '08:15:00'),
(6, '08:30:00'),
(6, '08:45:00'),
(6, '09:00:00'),
(6, '09:15:00'),
(6, '09:30:00'),
(6, '09:45:00'),
(6, '10:00:00'),
(6, '10:15:00'),
(6, '10:30:00'),
(6, '10:45:00'),
(6, '11:00:00'),
(6, '11:15:00'),
(6, '11:30:00'),
(6, '11:45:00'),
(6, '12:00:00'),
(6, '12:15:00'),
(6, '12:30:00'),
(6, '12:45:00'),
(6, '13:00:00'),
(6, '13:15:00'),
(6, '13:30:00'),
(6, '13:45:00'),
(6, '14:00:00'),
(6, '14:15:00'),
(6, '14:30:00'),
(6, '14:45:00'),
(6, '15:00:00'),
(6, '15:15:00'),
(6, '15:30:00'),
(6, '15:45:00'),
(6, '16:00:00'),
(6, '16:15:00'),
(6, '16:30:00'),
(6, '16:45:00'),
(6, '17:00:00'),
(6, '17:15:00'),
(6, '17:30:00'),
(6, '17:45:00'),
(6, '18:00:00'),
(6, '18:15:00'),
(6, '18:30:00'),
(6, '18:45:00'),
(6, '19:00:00'),
(6, '19:15:00'),
(6, '19:30:00'),
(6, '19:45:00'),
(6, '20:00:00'),
(6, '20:15:00'),
(6, '20:30:00'),
(6, '20:45:00'),
(6, '21:00:00'),
(6, '21:15:00'),
(6, '21:30:00'),
(6, '21:45:00'),
(6, '22:00:00'),
(6, '22:15:00'),
(6, '22:30:00'),
(6, '22:45:00'),
(6, '23:00:00'),
(6, '23:15:00'),
(6, '23:30:00'),
(6, '23:45:00');

-- --------------------------------------------------------

--
-- Table structure for table `stops`
--

CREATE TABLE `stops` (
  `id` int(11) NOT NULL,
  `name` varchar(45) NOT NULL,
  `amea` tinyint(4) NOT NULL,
  `description` varchar(200) DEFAULT NULL
) ENGINE=InnoDB DEFAULT CHARSET=utf8;

--
-- Dumping data for table `stops`
--

INSERT INTO `stops` (`id`, `name`, `amea`, `description`) VALUES
(1, 'Ανθούπολη', 0, NULL),
(2, 'Αττική', 1, 'Σύνδεση Γραμμής Μετρό 1 και 2.'),
(3, 'Σύνταγμα', 1, 'Σύνδεση Γραμμής Μετρό 2 και 3'),
(4, 'Άγιος Δημήτριος', 1, NULL),
(5, 'Αεροδρόμιο', 1, NULL),
(6, 'Δουκίσσης Πλακεντείας', 1, NULL),
(7, 'Ευαγγελισμός', 1, NULL),
(8, 'Αιγάλεω', 0, NULL),
(9, 'Πειραιάς', 1, NULL),
(10, 'Σκουλικότρυπα', 1, 'Η στάση που σε πάει σε όλο το σύμπαν!'),
(11, 'DIT', 1, 'Η καλύτερη σχολή του κόσμου!'),
(12, 'Ομόνοια', 1, 'Σύνδεση Γραμμής Μετρό 1 και 2.'),
(13, 'Ελληνικό', 1, NULL);

-- --------------------------------------------------------

--
-- Table structure for table `tickets`
--

CREATE TABLE `tickets` (
  `id` int(11) NOT NULL,
  `name` varchar(45) NOT NULL,
  `price` decimal(4,2) NOT NULL,
  `lowerprice` decimal(4,2) DEFAULT NULL,
  `description` varchar(200) DEFAULT NULL
) ENGINE=InnoDB DEFAULT CHARSET=utf8;

--
-- Dumping data for table `tickets`
--

INSERT INTO `tickets` (`id`, `name`, `price`, `lowerprice`, `description`) VALUES
(1, '90-Λεπτών', '1.40', '0.60', 'Απεριόριστες διαδρομές για διάστημα 90\''),
(2, 'Ημερήσιο', '4.50', NULL, 'Απεριόριστες διαδρομές για 24 ώρες'),
(3, 'Μηνιαίο', '30.00', NULL, 'Απεριόριστες διαδρομές για 30 μέρες'),
(4, 'Αεροδρομίου', '10.00', '5.00', 'Για άφιξη ή αναχώρηση από το αεροδρόμιο'),
(5, 'Αεροδρομίου με επιστροφή', '18.00', NULL, 'Για άφιξη και αναχώρηση από το αεροδρόμιο'),
(6, 'Τουριστικό', '22.00', NULL, 'Απεριόριστες διαδρομές για 3 μέρες συμπεριλαμβανομένων άφιξης και αναχώρησης στο αεροδρόμιο');

-- --------------------------------------------------------

--
-- Table structure for table `times`
--

CREATE TABLE `times` (
  `time` time NOT NULL
) ENGINE=InnoDB DEFAULT CHARSET=utf8;

--
-- Dumping data for table `times`
--

INSERT INTO `times` (`time`) VALUES
('00:00:00'),
('00:05:00'),
('00:10:00'),
('00:15:00'),
('00:20:00'),
('00:25:00'),
('00:30:00'),
('00:35:00'),
('00:40:00'),
('00:45:00'),
('00:50:00'),
('00:55:00'),
('01:00:00'),
('01:05:00'),
('01:10:00'),
('01:15:00'),
('01:20:00'),
('01:25:00'),
('01:30:00'),
('01:35:00'),
('01:40:00'),
('01:45:00'),
('01:50:00'),
('01:55:00'),
('02:00:00'),
('02:05:00'),
('02:10:00'),
('02:15:00'),
('02:20:00'),
('02:25:00'),
('02:30:00'),
('02:35:00'),
('02:40:00'),
('02:45:00'),
('02:50:00'),
('02:55:00'),
('03:00:00'),
('03:05:00'),
('03:10:00'),
('03:15:00'),
('03:20:00'),
('03:25:00'),
('03:30:00'),
('03:35:00'),
('03:40:00'),
('03:45:00'),
('03:50:00'),
('03:55:00'),
('04:00:00'),
('04:05:00'),
('04:10:00'),
('04:15:00'),
('04:20:00'),
('04:25:00'),
('04:30:00'),
('04:35:00'),
('04:40:00'),
('04:45:00'),
('04:50:00'),
('04:55:00'),
('05:00:00'),
('05:05:00'),
('05:10:00'),
('05:15:00'),
('05:20:00'),
('05:25:00'),
('05:30:00'),
('05:35:00'),
('05:40:00'),
('05:45:00'),
('05:50:00'),
('05:55:00'),
('06:00:00'),
('06:05:00'),
('06:10:00'),
('06:15:00'),
('06:20:00'),
('06:25:00'),
('06:30:00'),
('06:35:00'),
('06:40:00'),
('06:45:00'),
('06:50:00'),
('06:55:00'),
('07:00:00'),
('07:05:00'),
('07:10:00'),
('07:15:00'),
('07:20:00'),
('07:25:00'),
('07:30:00'),
('07:35:00'),
('07:40:00'),
('07:45:00'),
('07:50:00'),
('07:55:00'),
('08:00:00'),
('08:05:00'),
('08:10:00'),
('08:15:00'),
('08:20:00'),
('08:25:00'),
('08:30:00'),
('08:35:00'),
('08:40:00'),
('08:45:00'),
('08:50:00'),
('08:55:00'),
('09:00:00'),
('09:05:00'),
('09:10:00'),
('09:15:00'),
('09:20:00'),
('09:25:00'),
('09:30:00'),
('09:35:00'),
('09:40:00'),
('09:45:00'),
('09:50:00'),
('09:55:00'),
('10:00:00'),
('10:05:00'),
('10:10:00'),
('10:15:00'),
('10:20:00'),
('10:25:00'),
('10:30:00'),
('10:35:00'),
('10:40:00'),
('10:45:00'),
('10:50:00'),
('10:55:00'),
('11:00:00'),
('11:05:00'),
('11:10:00'),
('11:15:00'),
('11:20:00'),
('11:25:00'),
('11:30:00'),
('11:35:00'),
('11:40:00'),
('11:45:00'),
('11:50:00'),
('11:55:00'),
('12:00:00'),
('12:05:00'),
('12:10:00'),
('12:15:00'),
('12:20:00'),
('12:25:00'),
('12:30:00'),
('12:35:00'),
('12:40:00'),
('12:45:00'),
('12:50:00'),
('12:55:00'),
('13:00:00'),
('13:05:00'),
('13:10:00'),
('13:15:00'),
('13:20:00'),
('13:25:00'),
('13:30:00'),
('13:35:00'),
('13:40:00'),
('13:45:00'),
('13:50:00'),
('13:55:00'),
('14:00:00'),
('14:05:00'),
('14:10:00'),
('14:15:00'),
('14:20:00'),
('14:25:00'),
('14:30:00'),
('14:35:00'),
('14:40:00'),
('14:45:00'),
('14:50:00'),
('14:55:00'),
('15:00:00'),
('15:05:00'),
('15:10:00'),
('15:15:00'),
('15:20:00'),
('15:25:00'),
('15:30:00'),
('15:35:00'),
('15:40:00'),
('15:45:00'),
('15:50:00'),
('15:55:00'),
('16:00:00'),
('16:05:00'),
('16:10:00'),
('16:15:00'),
('16:20:00'),
('16:25:00'),
('16:30:00'),
('16:35:00'),
('16:40:00'),
('16:45:00'),
('16:50:00'),
('16:55:00'),
('17:00:00'),
('17:05:00'),
('17:10:00'),
('17:15:00'),
('17:20:00'),
('17:25:00'),
('17:30:00'),
('17:35:00'),
('17:40:00'),
('17:45:00'),
('17:50:00'),
('17:55:00'),
('18:00:00'),
('18:05:00'),
('18:10:00'),
('18:15:00'),
('18:20:00'),
('18:25:00'),
('18:30:00'),
('18:35:00'),
('18:40:00'),
('18:45:00'),
('18:50:00'),
('18:55:00'),
('19:00:00'),
('19:05:00'),
('19:10:00'),
('19:15:00'),
('19:20:00'),
('19:25:00'),
('19:30:00'),
('19:35:00'),
('19:40:00'),
('19:45:00'),
('19:50:00'),
('19:55:00'),
('20:00:00'),
('20:05:00'),
('20:10:00'),
('20:15:00'),
('20:20:00'),
('20:25:00'),
('20:30:00'),
('20:35:00'),
('20:40:00'),
('20:45:00'),
('20:50:00'),
('20:55:00'),
('21:00:00'),
('21:05:00'),
('21:10:00'),
('21:15:00'),
('21:20:00'),
('21:25:00'),
('21:30:00'),
('21:35:00'),
('21:40:00'),
('21:45:00'),
('21:50:00'),
('21:55:00'),
('22:00:00'),
('22:05:00'),
('22:10:00'),
('22:15:00'),
('22:20:00'),
('22:25:00'),
('22:30:00'),
('22:35:00'),
('22:40:00'),
('22:45:00'),
('22:50:00'),
('22:55:00'),
('23:00:00'),
('23:05:00'),
('23:10:00'),
('23:15:00'),
('23:20:00'),
('23:25:00'),
('23:30:00'),
('23:35:00'),
('23:40:00'),
('23:45:00'),
('23:50:00'),
('23:55:00');

-- --------------------------------------------------------

--
-- Table structure for table `users`
--

CREATE TABLE `users` (
  `id` int(11) NOT NULL,
  `username` varchar(45) NOT NULL,
  `password` varchar(45) NOT NULL,
  `email` varchar(45) NOT NULL,
  `firstname` varchar(45) NOT NULL,
  `lastname` varchar(45) NOT NULL,
  `imgName` varchar(45) DEFAULT NULL,
  `lower` tinyint(4) DEFAULT 0
) ENGINE=InnoDB DEFAULT CHARSET=utf8;

--
-- Dumping data for table `users`
--

INSERT INTO `users` (`id`, `username`, `password`, `email`, `firstname`, `lastname`, `imgName`, `lower`) VALUES
(1, 'admin', 'admin', 'admin@email.com', 'Admin', 'You Guessed It', NULL, 0),
(2, 'kostass', '1', 'example@gmail.com', 'Κωνσταντίνος', 'Σιώτης', NULL, 1),
(3, 'nick', 'password', '123@mail.com', 'Νικόλαος', 'Νιώτης', NULL, 1),
(4, 'test', 'test', 'test@test.com', 'Testing', 'Database', NULL, 0);

--
-- Indexes for dumped tables
--

--
-- Indexes for table `grammes`
--
ALTER TABLE `grammes`
  ADD PRIMARY KEY (`id`),
  ADD UNIQUE KEY `id_UNIQUE` (`id`),
  ADD UNIQUE KEY `code_UNIQUE` (`code`);

--
-- Indexes for table `lines_has_stops`
--
ALTER TABLE `lines_has_stops`
  ADD PRIMARY KEY (`lines_id`,`stops_id`),
  ADD KEY `fk_lines_has_stops_stops1_idx` (`stops_id`),
  ADD KEY `fk_lines_has_stops_lines1_idx` (`lines_id`);

--
-- Indexes for table `lines_has_times`
--
ALTER TABLE `lines_has_times`
  ADD PRIMARY KEY (`grammes_id`,`times_time`),
  ADD KEY `fk_grammes_has_times_times1_idx` (`times_time`),
  ADD KEY `fk_grammes_has_times_grammes1_idx` (`grammes_id`);

--
-- Indexes for table `stops`
--
ALTER TABLE `stops`
  ADD PRIMARY KEY (`id`),
  ADD UNIQUE KEY `id_UNIQUE` (`id`);

--
-- Indexes for table `tickets`
--
ALTER TABLE `tickets`
  ADD PRIMARY KEY (`id`),
  ADD UNIQUE KEY `id_UNIQUE` (`id`);

--
-- Indexes for table `times`
--
ALTER TABLE `times`
  ADD PRIMARY KEY (`time`),
  ADD UNIQUE KEY `Time` (`time`);

--
-- Indexes for table `users`
--
ALTER TABLE `users`
  ADD PRIMARY KEY (`id`),
  ADD UNIQUE KEY `id_UNIQUE` (`id`),
  ADD UNIQUE KEY `username_UNIQUE` (`username`),
  ADD UNIQUE KEY `email_UNIQUE` (`email`);

--
-- AUTO_INCREMENT for dumped tables
--

--
-- AUTO_INCREMENT for table `tickets`
--
ALTER TABLE `tickets`
  MODIFY `id` int(11) NOT NULL AUTO_INCREMENT, AUTO_INCREMENT=7;

--
-- AUTO_INCREMENT for table `users`
--
ALTER TABLE `users`
  MODIFY `id` int(11) NOT NULL AUTO_INCREMENT, AUTO_INCREMENT=5;

--
-- Constraints for dumped tables
--

--
-- Constraints for table `lines_has_stops`
--
ALTER TABLE `lines_has_stops`
  ADD CONSTRAINT `fk_lines_has_stops_lines1` FOREIGN KEY (`lines_id`) REFERENCES `grammes` (`id`) ON DELETE NO ACTION ON UPDATE NO ACTION,
  ADD CONSTRAINT `fk_lines_has_stops_stops1` FOREIGN KEY (`stops_id`) REFERENCES `stops` (`id`) ON DELETE NO ACTION ON UPDATE NO ACTION;

--
-- Constraints for table `lines_has_times`
--
ALTER TABLE `lines_has_times`
  ADD CONSTRAINT `fk_grammes_has_times_grammes1` FOREIGN KEY (`grammes_id`) REFERENCES `grammes` (`id`) ON DELETE NO ACTION ON UPDATE NO ACTION,
  ADD CONSTRAINT `fk_grammes_has_times_times1` FOREIGN KEY (`times_time`) REFERENCES `times` (`time`) ON DELETE NO ACTION ON UPDATE NO ACTION;
COMMIT;

/*!40101 SET CHARACTER_SET_CLIENT=@OLD_CHARACTER_SET_CLIENT */;
/*!40101 SET CHARACTER_SET_RESULTS=@OLD_CHARACTER_SET_RESULTS */;
/*!40101 SET COLLATION_CONNECTION=@OLD_COLLATION_CONNECTION */;
